City_ID,City,Country,Date,Lat,Lng,Max Temp,Humidity,Cloudiness,Wind Speed
0,Lorengau,PG,2022-09-06 01:30:24,-2.0226,147.2712,85.3,62,69,9.31
1,Salalah,OM,2022-09-06 01:30:25,17.0151,54.0924,76.91,94,100,5.41
2,Ust-Nera,RU,2022-09-06 01:30:26,64.5667,143.2,54.32,36,98,6.02
3,Hithadhoo,MV,2022-09-06 01:30:26,-0.6,73.0833,82.02,69,100,17.87
4,Punta Arenas,CL,2022-09-06 01:30:03,-53.15,-70.9167,33.91,80,20,20.71
5,Hermanus,ZA,2022-09-06 01:30:28,-34.4187,19.2345,50.81,80,15,8.03
6,Kodiak,US,2022-09-06 01:30:28,57.79,-152.4072,60.31,67,100,3.44
7,Busselton,AU,2022-09-06 01:30:30,-33.65,115.3333,51.55,83,85,4.03
8,New Norfolk,AU,2022-09-06 01:30:33,-42.7826,147.0587,54.72,67,82,1.99
9,Harnosand,SE,2022-09-06 01:30:34,62.6323,17.9379,45.0,70,43,8.95
10,Bredasdorp,ZA,2022-09-06 01:30:34,-34.5322,20.0403,45.93,84,32,7.54
11,Tuktoyaktuk,CA,2022-09-06 01:30:34,69.4541,-133.0374,39.2,87,75,23.02
12,Los Algarrobos,PA,2022-09-06 01:30:35,8.5,-82.4333,75.61,100,40,2.3
13,Katsuura,JP,2022-09-06 01:30:35,35.1333,140.3,83.7,70,78,11.63
14,Atuona,PF,2022-09-06 01:30:35,-9.8,-139.0333,76.75,66,0,20.09
15,Pevek,RU,2022-09-06 01:30:36,69.7008,170.3133,33.26,99,100,6.24
16,Talara,PE,2022-09-06 01:30:36,-4.5772,-81.2719,62.96,90,89,11.65
17,Lompoc,US,2022-09-06 01:28:01,34.6391,-120.4579,98.74,57,0,10.36
18,Hobart,AU,2022-09-06 01:29:18,-42.8794,147.3294,54.05,71,75,4.61
19,Isangel,VU,2022-09-06 01:30:38,-19.55,169.2667,73.51,88,100,6.91
20,Kapaa,US,2022-09-06 01:30:38,22.0752,-159.319,85.98,65,20,12.66
21,Chokurdakh,RU,2022-09-06 01:30:38,70.6333,147.9167,51.28,43,80,7.9
22,Saskylakh,RU,2022-09-06 01:30:39,71.9167,114.0833,45.5,70,99,18.14
23,Evanston,US,2022-09-06 01:30:39,42.0411,-87.6901,68.97,87,100,10.36
24,Palmer,US,2022-09-06 01:30:39,42.1584,-72.3287,66.85,85,100,4.61
25,Ulaangom,MN,2022-09-06 01:30:39,49.9811,92.0667,67.12,29,61,2.37
26,Tautira,PF,2022-09-06 01:30:40,-17.7333,-149.15,77.13,78,21,15.73
27,Wajima,JP,2022-09-06 01:30:40,37.4,136.9,92.08,48,40,10.36
28,Airai,TL,2022-09-06 01:30:40,-8.9266,125.4092,76.19,34,62,2.84
29,Chipinge,ZW,2022-09-06 01:30:41,-20.1883,32.6236,56.46,57,1,3.15
30,Souillac,MU,2022-09-06 01:30:41,-20.5167,57.5167,70.18,73,40,11.5
31,Ketchikan,US,2022-09-06 01:30:41,55.3422,-131.6461,59.47,72,75,11.5
32,Kavieng,PG,2022-09-06 01:30:41,-2.5744,150.7967,84.51,64,98,6.35
33,Butaritari,KI,2022-09-06 01:30:42,3.0707,172.7902,81.41,79,77,18.41
34,Nkhotakota,MW,2022-09-06 01:30:42,-12.9274,34.2961,68.63,60,0,2.73
35,Chuy,UY,2022-09-06 01:30:42,-33.6971,-53.4616,48.38,86,0,6.06
36,Mana,GF,2022-09-06 01:30:42,5.6592,-53.7767,79.45,85,100,12.19
37,Port Alfred,ZA,2022-09-06 01:30:43,-33.5906,26.891,55.18,65,17,5.99
38,Dikson,RU,2022-09-06 01:30:43,73.5069,80.5464,35.55,78,100,23.04
39,Bluff,NZ,2022-09-06 01:30:43,-46.6,168.3333,41.81,65,100,19.06
40,Albany,US,2022-09-06 01:30:43,42.6001,-73.9662,65.23,95,100,2.59
41,Port Macquarie,AU,2022-09-06 01:30:44,-31.4333,152.9167,64.89,59,36,9.73
42,Norman Wells,CA,2022-09-06 01:30:44,65.282,-126.8329,44.64,93,100,21.85
43,Mount Gambier,AU,2022-09-06 01:30:44,-37.8333,140.7667,56.88,58,100,5.03
44,Peleduy,RU,2022-09-06 01:30:45,59.6289,112.7406,49.5,80,96,10.74
45,Rikitea,PF,2022-09-06 01:30:45,-23.1203,-134.9692,72.82,67,68,18.34
46,Marsa Matruh,EG,2022-09-06 01:30:45,31.3525,27.2453,79.0,73,40,8.05
47,Clyde River,CA,2022-09-06 01:31:45,70.4692,-68.5914,37.63,93,100,12.66
48,Biak,ID,2022-09-06 01:31:46,-0.9131,122.8766,77.97,87,100,6.64
49,Evensk,RU,2022-09-06 01:31:46,61.95,159.2333,51.82,46,23,5.99
50,Ola,RU,2022-09-06 01:31:46,59.5833,151.2833,57.15,67,0,7.92
51,Vilcun,CL,2022-09-06 01:31:46,-38.65,-72.2333,41.74,94,47,2.8
52,Bloemfontein,ZA,2022-09-06 01:27:00,-29.1211,26.214,33.28,75,0,4.61
53,Stepnyak,KZ,2022-09-06 01:31:47,52.8339,70.7803,67.17,54,100,5.97
54,Luderitz,NA,2022-09-06 01:31:47,-26.6481,15.1594,55.76,56,0,14.41
55,Grand Gaube,MU,2022-09-06 01:31:47,-20.0064,57.6608,70.2,71,4,5.01
56,Arraial Do Cabo,BR,2022-09-06 01:31:47,-22.9661,-42.0278,66.83,64,100,10.25
57,Khatanga,RU,2022-09-06 01:31:48,71.9667,102.5,42.12,90,100,8.81
58,Ushuaia,AR,2022-09-06 01:31:48,-54.8,-68.3,33.46,86,75,9.22
59,Hilo,US,2022-09-06 01:31:48,19.7297,-155.09,86.29,75,75,10.36
60,Lebu,CL,2022-09-06 01:31:48,-37.6167,-73.65,48.97,74,70,3.04
61,Keti Bandar,PK,2022-09-06 01:31:49,24.1447,67.4497,79.57,81,100,11.56
62,Vaini,TO,2022-09-06 01:31:49,-21.2,-175.2,82.56,74,75,11.5
63,Qaanaaq,GL,2022-09-06 01:31:49,77.484,-69.3632,39.56,92,100,7.23
64,Nanortalik,GL,2022-09-06 01:31:50,60.1432,-45.2371,44.46,93,100,4.56
65,Sorland,NO,2022-09-06 01:31:50,67.667,12.6934,49.86,75,100,12.26
66,Sume,BR,2022-09-06 01:31:50,-7.6717,-36.88,67.64,82,38,10.13
67,Slave Lake,CA,2022-09-06 01:31:50,55.2834,-114.769,64.38,34,0,16.11
68,Itupiranga,BR,2022-09-06 01:31:51,-5.1347,-49.3267,82.72,54,37,3.69
69,Mahajanga,MG,2022-09-06 01:31:51,-15.7167,46.3167,73.42,64,40,2.3
70,Vodnyy,RU,2022-09-06 01:31:51,63.5046,53.4095,41.99,97,100,4.99
71,Cape Town,ZA,2022-09-06 01:31:51,-33.9258,18.4232,53.11,77,75,5.75
72,Paamiut,GL,2022-09-06 01:31:52,61.994,-49.6678,39.58,97,100,7.74
73,Nikolskoye,RU,2022-09-06 01:31:52,59.7035,30.7861,47.88,77,96,4.07
74,Vila Velha,BR,2022-09-06 01:31:52,-20.3297,-40.2925,69.75,85,75,11.5
75,Roebourne,AU,2022-09-06 01:31:52,-20.7833,117.1333,74.64,30,0,8.7
76,Saldanha,ZA,2022-09-06 01:31:53,-33.0117,17.9442,50.05,77,12,2.77
77,Saint-Philippe,RE,2022-09-06 01:31:53,-21.3585,55.7679,67.59,74,42,12.84
78,Xiongzhou,CN,2022-09-06 01:31:53,25.1167,114.3,86.34,38,100,6.38
79,Nikolayevka,RU,2022-09-06 01:31:53,53.1257,47.2041,43.84,61,98,4.05
80,Berlevag,NO,2022-09-06 01:31:54,70.8578,29.0864,44.6,81,75,19.57
81,Mar Del Plata,AR,2022-09-06 01:31:54,-38.0023,-57.5575,60.82,44,0,11.5
82,Saint George,US,2022-09-06 01:27:15,37.1041,-113.5841,105.64,14,0,13.8
83,Bairiki,KI,2022-09-06 01:31:54,1.3292,172.9752,86.0,66,20,12.66
84,Changji,CN,2022-09-06 01:31:54,44.0167,87.3167,77.79,22,0,2.24
85,Mahebourg,MU,2022-09-06 01:31:55,-20.4081,57.7,70.09,73,40,11.5
86,Yellowknife,CA,2022-09-06 01:31:55,62.456,-114.3525,59.52,63,75,12.66
87,Rundu,NA,2022-09-06 01:31:55,-17.9333,19.7667,62.91,23,0,7.27
88,Codrington,AU,2022-09-06 01:31:55,-38.2667,141.9667,56.23,68,100,9.66
89,Mocuba,MZ,2022-09-06 01:31:56,-16.8392,36.9856,66.25,65,0,3.51
90,Amaigbo,NG,2022-09-06 01:31:56,5.7892,7.8383,72.93,97,97,3.24
91,Acapulco,MX,2022-09-06 01:31:56,16.8634,-99.8901,75.02,94,100,8.05
92,Iqaluit,CA,2022-09-06 01:32:57,63.7506,-68.5145,40.73,80,75,3.44
93,Camocim,BR,2022-09-06 01:29:53,-2.9022,-40.8411,78.39,81,10,16.44
94,Qostanay,KZ,2022-09-06 01:32:57,53.1667,63.5833,48.49,87,100,11.18
95,Arkhangelsk,RU,2022-09-06 01:32:57,64.5401,40.5433,46.51,100,40,4.47
96,East London,ZA,2022-09-06 01:32:57,-33.0153,27.9116,58.69,53,0,17.34
97,Mataura,NZ,2022-09-06 01:32:58,-46.1927,168.8643,41.49,88,99,6.02
98,College,US,2022-09-06 01:31:51,64.8569,-147.8028,62.2,58,75,5.75
99,Port Victoria,KE,2022-09-06 01:32:58,0.0939,33.9756,66.51,88,87,12.12
100,Kahului,US,2022-09-06 01:32:58,20.8947,-156.47,83.3,84,40,19.57
101,Karratha,AU,2022-09-06 01:32:58,-20.7377,116.8463,74.1,32,0,9.6
102,Elizabeth City,US,2022-09-06 01:32:59,36.2946,-76.2511,78.82,82,100,3.44
103,Macherla,IN,2022-09-06 01:32:59,16.4833,79.4333,82.29,76,27,1.5
104,Avarua,CK,2022-09-06 01:32:59,-21.2078,-159.775,73.45,94,75,12.66
105,Vila Franca Do Campo,PT,2022-09-06 01:32:59,37.7167,-25.4333,73.2,83,55,2.84
106,Georgetown,MY,2022-09-06 01:28:38,5.4112,100.3354,84.13,84,20,6.91
107,Sur,OM,2022-09-06 01:33:00,22.5667,59.5289,82.94,65,4,8.72
108,Naryan-Mar,RU,2022-09-06 01:33:00,67.6713,53.087,44.33,94,100,7.45
109,Puerto Ayora,EC,2022-09-06 01:33:00,-0.7393,-90.3518,68.56,97,93,3.0
110,Muros,ES,2022-09-06 01:33:01,42.7762,-9.0603,64.69,92,4,12.97
111,Chilca,PE,2022-09-06 01:33:01,-12.5211,-76.7372,58.96,88,3,5.28
112,Mae Sai,TH,2022-09-06 01:33:01,20.4335,99.8762,78.26,90,52,1.5
113,Gaoua,BF,2022-09-06 01:33:01,10.2992,-3.2508,72.27,96,99,4.38
114,Esperance,AU,2022-09-06 01:33:02,-33.8667,121.9,58.84,76,81,13.06
115,Burnie,AU,2022-09-06 01:33:02,-41.0667,145.9167,55.94,51,20,6.78
116,Longyearbyen,SJ,2022-09-06 01:33:03,78.2186,15.6401,39.04,87,75,3.44
117,Sao Filipe,CV,2022-09-06 01:33:03,14.8961,-24.4956,79.74,81,100,2.51
118,Natal,BR,2022-09-06 01:29:03,-5.795,-35.2094,75.42,94,100,9.22
119,Natchitoches,US,2022-09-06 01:33:03,31.7668,-93.1335,79.65,100,0,0.0
120,Makakilo City,US,2022-09-06 01:33:03,21.3469,-158.0858,86.32,55,20,14.97
121,Berbera,SO,2022-09-06 01:33:04,10.4396,45.0143,89.73,54,26,5.97
122,Tiksi,RU,2022-09-06 01:33:04,71.6872,128.8694,47.1,51,86,14.54
123,Tezu,IN,2022-09-06 01:33:05,27.9167,96.1667,73.87,98,100,2.42
124,Inverell,AU,2022-09-06 01:33:05,-29.7833,151.1167,66.67,50,88,4.0
125,Cidreira,BR,2022-09-06 01:33:05,-30.1811,-50.2056,60.21,80,93,17.69
126,Tilichiki,RU,2022-09-06 01:33:06,60.4667,166.1,50.2,44,35,15.55
127,Key West,US,2022-09-06 01:33:06,24.5557,-81.7826,89.6,69,0,9.22
128,Jamestown,US,2022-09-06 01:29:23,42.097,-79.2353,67.95,74,100,5.75
129,Tasiilaq,GL,2022-09-06 01:33:06,65.6145,-37.6368,41.16,93,89,6.67
130,Coquimbo,CL,2022-09-06 01:33:07,-29.9533,-71.3436,53.33,100,100,6.91
131,Geraldton,AU,2022-09-06 01:33:07,-28.7667,114.6,59.41,82,40,17.27
132,Gaziantep,TR,2022-09-06 01:33:08,37.0594,37.3825,78.73,34,0,12.66
133,Santiago,CL,2022-09-06 01:33:08,-33.4569,-70.6483,69.55,45,0,6.91
134,Richards Bay,ZA,2022-09-06 01:33:08,-28.783,32.0377,66.51,67,100,9.55
135,Port Elizabeth,ZA,2022-09-06 01:33:09,-33.918,25.5701,57.49,62,40,17.27
136,Vizinga,RU,2022-09-06 01:33:09,61.0749,50.1031,41.29,90,100,3.36
137,Cincu,RO,2022-09-06 01:34:10,45.9167,24.8,57.56,84,100,1.97
138,Sterling,US,2022-09-06 01:30:08,39.0062,-77.4286,76.05,89,75,3.44
139,Terrace Bay,CA,2022-09-06 01:34:10,48.7834,-87.1,51.78,69,11,1.81
140,Sioux Lookout,CA,2022-09-06 01:34:11,50.1001,-91.917,64.47,72,40,6.91
141,Homer,US,2022-09-06 01:34:11,59.6425,-151.5483,61.77,80,0,11.5
142,Luanda,AO,2022-09-06 01:32:25,-8.8368,13.2343,68.67,91,44,6.8
143,Eureka,US,2022-09-06 01:34:11,40.8021,-124.1637,70.36,83,22,4.0
144,Camabatela,AO,2022-09-06 01:34:11,-8.1881,15.375,62.65,88,25,1.86
145,Constantine,DZ,2022-09-06 01:34:12,36.365,6.6147,72.81,88,40,3.44
146,Kralendijk,BQ,2022-09-06 01:30:08,12.15,-68.2667,84.18,89,0,14.97
147,Jiuquan,CN,2022-09-06 01:34:12,39.7432,98.5174,74.35,15,0,8.16
148,Hasaki,JP,2022-09-06 01:34:12,35.7333,140.8333,88.29,80,99,14.43
149,Pietersburg,ZA,2022-09-06 01:34:13,-23.9045,29.4688,56.25,38,76,8.05
150,Laramie,US,2022-09-06 01:29:43,41.3114,-105.5911,84.58,12,0,5.75
151,Jumla,NP,2022-09-06 01:34:13,29.2747,82.1838,63.46,78,3,0.67
152,Thompson,CA,2022-09-06 01:34:14,55.7435,-97.8558,75.36,46,40,5.75
153,Taybad,IR,2022-09-06 01:34:14,34.74,60.7756,72.88,18,0,10.78
154,Zaykovo,RU,2022-09-06 01:34:15,57.5613,62.7568,43.45,82,100,2.51
155,Ribeira Grande,PT,2022-09-06 01:34:15,38.5167,-28.7,74.88,85,84,6.49
156,Fort Nelson,CA,2022-09-06 01:30:25,58.8053,-122.7002,58.59,58,75,8.05
157,Coos Bay,US,2022-09-06 01:29:20,43.3665,-124.2179,81.32,78,0,25.32
158,Severo-Kurilsk,RU,2022-09-06 01:34:15,50.6789,156.125,56.21,88,87,7.74
159,Lubao,PH,2022-09-06 01:34:16,14.9167,120.55,85.71,76,100,2.59
160,Marystown,CA,2022-09-06 01:34:16,47.1666,-55.1483,62.8,87,60,9.26
161,Virginia Beach,US,2022-09-06 01:34:17,36.8529,-75.978,80.02,82,75,4.61
162,Borazjan,IR,2022-09-06 01:34:17,29.2666,51.2159,88.11,48,0,2.46
163,Manzanillo,CU,2022-09-06 01:34:17,20.3433,-77.1167,78.84,84,38,3.8
164,Itarema,BR,2022-09-06 01:34:18,-2.9248,-39.9167,78.69,84,15,17.43
165,Pavlodar,KZ,2022-09-06 01:34:18,52.3,76.95,58.8,44,20,8.95
166,Narsaq,GL,2022-09-06 01:34:18,60.9167,-46.05,46.62,88,100,6.13
167,Masallatah,LY,2022-09-06 01:34:19,32.6167,14.0,76.23,84,0,8.19
168,Carnarvon,AU,2022-09-06 01:34:19,-24.8667,113.6333,64.15,55,90,15.3
169,Alexandria,EG,2022-09-06 01:30:22,31.2156,29.9553,77.54,69,0,15.64
170,Ust-Maya,RU,2022-09-06 01:34:20,60.4167,134.5333,63.01,53,63,11.07
171,Beringovskiy,RU,2022-09-06 01:34:20,63.05,179.3167,42.35,73,100,15.79
172,Mitsamiouli,KM,2022-09-06 01:34:20,-11.3847,43.2844,74.08,76,0,10.74
173,Catamarca,AR,2022-09-06 01:30:59,-28.4696,-65.7852,59.68,25,0,9.42
174,Broome,US,2022-09-06 01:34:21,42.2506,-75.833,70.02,98,100,3.44
175,Ponta Do Sol,PT,2022-09-06 01:34:21,32.6667,-17.1,70.72,69,1,2.55
176,Victoria,HK,2022-09-06 01:30:24,22.2855,114.1577,88.32,56,44,5.01
177,Mabaruma,GY,2022-09-06 01:34:22,8.2,-59.7833,74.19,97,88,2.73
178,Provideniya,RU,2022-09-06 01:34:22,64.3833,-173.3,48.36,93,100,11.18
179,Ucluelet,CA,2022-09-06 01:34:22,48.9329,-125.5528,64.71,86,31,1.01
180,Princeton,US,2022-09-06 01:34:23,25.5384,-80.4089,86.02,83,0,5.75
181,Barrow,US,2022-09-06 01:32:01,71.2906,-156.7887,41.02,75,100,12.66
182,Olafsvik,IS,2022-09-06 01:34:23,64.8945,-23.7142,50.22,72,97,5.08
183,Pisco,PE,2022-09-06 01:32:11,-13.7,-76.2167,60.85,82,100,6.91
184,Whitecourt,CA,2022-09-06 01:35:24,54.1502,-115.6855,61.84,33,40,23.02
185,Saint-Georges,GD,2022-09-06 01:35:24,12.0564,-61.7485,83.88,79,75,12.66
186,Jalu,LY,2022-09-06 01:35:24,29.0331,21.5482,78.84,52,0,8.93
187,Broken Hill,AU,2022-09-06 01:31:27,-31.95,141.4333,63.99,34,5,8.25
188,Tomatlan,MX,2022-09-06 01:35:25,19.9333,-105.25,74.97,95,100,5.97
189,Bojnurd,IR,2022-09-06 01:35:25,37.4747,57.329,58.95,47,0,4.61
190,Faanui,PF,2022-09-06 01:35:25,-16.4833,-151.75,78.1,75,10,15.01
191,Gunjur,GM,2022-09-06 01:35:26,13.2019,-16.7339,77.07,94,40,0.0
192,Kozyatyn,UA,2022-09-06 01:35:26,49.7143,28.8339,40.39,82,5,4.21
193,Port Hardy,CA,2022-09-06 01:30:44,50.6996,-127.4199,64.58,63,75,4.61
194,Quelimane,MZ,2022-09-06 01:35:26,-17.8786,36.8883,65.43,92,0,3.96
195,Kloulklubed,PW,2022-09-06 01:35:27,7.0419,134.2556,86.5,71,99,7.67
196,Bayji,IQ,2022-09-06 01:35:27,34.9311,43.487,86.5,29,0,7.4
197,Upernavik,GL,2022-09-06 01:35:27,72.7868,-56.1549,40.57,86,100,28.48
198,Celestun,MX,2022-09-06 01:35:28,20.8667,-90.4,82.06,78,34,14.61
199,Clearwater,US,2022-09-06 01:33:52,27.9659,-82.8001,86.94,74,0,10.0
200,Springdale,US,2022-09-06 01:35:29,36.1867,-94.1288,75.33,88,0,4.61
201,Port-Gentil,GA,2022-09-06 01:35:29,-0.7193,8.7815,75.74,84,24,12.59
202,Filingue,NE,2022-09-06 01:35:29,14.3521,3.3168,85.05,62,8,12.57
203,Bonavista,CA,2022-09-06 01:35:30,48.6499,-53.1147,59.61,92,100,13.56
204,Prichard,US,2022-09-06 01:31:24,30.7388,-88.0789,80.91,82,20,0.0
205,Paracuru,BR,2022-09-06 01:34:12,-3.41,-39.0306,80.11,82,29,15.97
206,Rio Gallegos,AR,2022-09-06 01:34:42,-51.6226,-69.2181,35.65,64,0,19.57
207,Bengkulu,ID,2022-09-06 01:35:31,-3.8004,102.2655,79.95,78,99,0.6
208,Knysna,ZA,2022-09-06 01:35:31,-34.0363,23.0471,51.98,68,28,7.25
209,Plettenberg Bay,ZA,2022-09-06 01:33:42,-34.0527,23.3716,52.18,67,10,10.18
210,Cherskiy,RU,2022-09-06 01:35:32,68.75,161.3,47.37,57,100,12.15
211,Lermontovka,RU,2022-09-06 01:35:32,47.1453,134.3383,63.7,92,100,5.03
212,Dudinka,RU,2022-09-06 01:35:32,69.4058,86.1778,38.62,98,100,11.92
213,Belaya Gora,RU,2022-09-06 01:35:33,68.5333,146.4167,57.33,34,74,9.17
214,Udachnyy,RU,2022-09-06 01:33:34,66.4167,112.4,39.45,93,100,6.93
215,Sorong,ID,2022-09-06 01:35:33,-0.8833,131.25,83.19,72,21,4.09
216,Balaipungut,ID,2022-09-06 01:35:34,1.05,101.2833,82.72,80,75,1.88
217,Alofi,NU,2022-09-06 01:35:34,-19.0595,-169.9187,82.29,65,40,9.22
218,Gamba,GA,2022-09-06 01:35:34,-2.65,10.0,73.11,86,23,7.09
219,Floro,NO,2022-09-06 01:35:34,61.5996,5.0328,53.56,87,43,3.44
220,El Alto,PE,2022-09-06 01:35:35,-4.2714,-81.2147,61.95,87,41,12.8
221,Aklavik,CA,2022-09-06 01:35:35,68.2191,-135.0107,40.06,72,97,17.83
222,La Rioja,ES,2022-09-06 01:35:35,42.25,-2.5,56.98,52,0,5.53
223,Arman,RU,2022-09-06 01:35:36,59.7,150.1667,57.02,59,1,5.7
224,Nuuk,GL,2022-09-06 01:35:22,64.1835,-51.7216,41.61,93,75,17.27
225,Yulara,AU,2022-09-06 01:35:36,-25.2406,130.9889,66.54,34,99,6.2
226,La Ronge,CA,2022-09-06 01:35:37,55.1001,-105.2842,68.25,45,100,17.27
227,Waynesville,US,2022-09-06 01:35:37,35.4887,-82.9887,69.73,97,99,2.13
228,Zakharovo,RU,2022-09-06 01:35:37,54.366,39.2792,44.6,92,100,9.6
229,Ibimirim,BR,2022-09-06 01:36:37,-8.5406,-37.6903,65.84,86,10,13.35
230,Bilibino,RU,2022-09-06 01:36:38,68.0546,166.4372,37.17,85,100,4.85
231,Terrasini,IT,2022-09-06 01:36:38,38.146,13.0844,80.17,71,3,6.91
232,Deputatskiy,RU,2022-09-06 01:36:38,69.3,139.9,50.36,43,11,4.41
233,Fomboni,KM,2022-09-06 01:36:39,-12.28,43.7425,75.36,74,0,10.65
234,Ancud,CL,2022-09-06 01:36:39,-41.8697,-73.8203,49.23,79,100,14.7
235,Hamilton,US,2022-09-06 01:35:08,39.1834,-84.5333,74.77,93,75,0.0
236,Benalla,AU,2022-09-06 01:36:39,-36.55,145.9833,58.86,64,100,4.83
237,Oktyabrskiy,RU,2022-09-06 01:36:39,54.4815,53.471,42.17,80,100,3.27
238,Bethel,US,2022-09-06 01:36:40,41.3712,-73.414,73.27,90,100,0.0
239,Morondava,MG,2022-09-06 01:36:40,-20.2833,44.2833,68.99,71,0,7.78
240,Peniche,PT,2022-09-06 01:36:40,39.3558,-9.3811,68.11,95,10,6.38
241,Lavrentiya,RU,2022-09-06 01:36:40,65.5833,-171.0,43.92,97,100,5.32
242,Barraute,CA,2022-09-06 01:36:41,48.4335,-77.6328,53.87,72,0,2.82
243,Veraval,IN,2022-09-06 01:36:41,20.9,70.3667,80.82,76,100,9.42
244,Shenjiamen,CN,2022-09-06 01:36:41,29.9576,122.298,76.69,73,35,14.54
245,Murray Bridge,AU,2022-09-06 01:36:41,-35.1167,139.2667,61.12,46,18,9.24
246,Encheng,CN,2022-09-06 01:36:42,22.1839,112.3026,89.96,37,100,3.4
247,Newport,GB,2022-09-06 01:36:20,51.5877,-2.9984,61.45,90,71,7.4
248,Kuusamo,FI,2022-09-06 01:36:42,65.9667,29.1833,44.64,93,0,4.61
249,Greenville,US,2022-09-06 01:36:28,35.6127,-77.3663,78.96,88,40,4.61
250,Mahibadhoo,MV,2022-09-06 01:36:42,3.7833,72.9667,79.88,82,100,18.12
251,Poum,NC,2022-09-06 01:36:42,-20.2333,164.0167,67.96,83,100,13.62
252,Kawalu,ID,2022-09-06 01:36:43,-7.3817,108.2082,79.79,74,66,3.56
253,Vieste,IT,2022-09-06 01:36:43,41.8825,16.175,73.9,66,1,6.89
254,San Pedro,PH,2022-09-06 01:36:43,14.35,121.0167,87.31,77,40,4.61
255,Fukue,JP,2022-09-06 01:36:44,32.6881,128.8419,77.36,83,75,14.97
256,Grand-Santi,GF,2022-09-06 01:36:44,4.25,-54.3833,75.0,87,100,3.0
257,Warner Robins,US,2022-09-06 01:36:44,32.621,-83.5999,80.76,88,40,8.05
258,Porto Novo,BJ,2022-09-06 01:36:44,6.4965,2.6036,76.82,93,51,4.43
259,Syamzha,RU,2022-09-06 01:36:45,60.0158,41.0614,42.4,96,100,4.59
260,San Patricio,US,2022-09-06 01:36:45,28.017,-97.5169,82.35,87,100,4.0
261,Srednekolymsk,RU,2022-09-06 01:36:45,67.45,153.6833,53.2,45,88,9.44
262,Kursavka,RU,2022-09-06 01:36:45,44.4564,42.5093,56.93,52,100,2.8
263,Oistins,BB,2022-09-06 01:36:46,13.0667,-59.5333,80.69,83,20,6.91
264,Dryden,CA,2022-09-06 01:36:46,49.7833,-92.7503,66.49,68,0,8.05
265,Hue,VN,2022-09-06 01:36:46,16.4667,107.6,82.51,83,75,4.61
266,Bambanglipuro,ID,2022-09-06 01:36:46,-7.95,110.2833,81.77,73,52,9.35
267,Cayenne,GF,2022-09-06 01:36:47,4.9333,-52.3333,80.64,83,100,3.44
268,Klimovo,RU,2022-09-06 01:36:47,52.3805,32.1923,37.98,92,15,6.64
269,Fayaoue,NC,2022-09-06 01:36:47,-20.65,166.5333,70.59,73,100,17.07
270,Stettler,CA,2022-09-06 01:36:48,52.3168,-112.7186,62.35,48,99,8.05
271,Oktyabrskoye,RU,2022-09-06 01:36:48,43.0645,44.7417,50.14,100,100,2.24
272,Mattru,SL,2022-09-06 01:36:48,7.6244,-11.8332,73.83,96,100,1.99
273,Pangnirtung,CA,2022-09-06 01:36:48,66.1451,-65.7125,36.9,98,100,3.56
274,Cravo Norte,CO,2022-09-06 01:36:49,6.3017,-70.2041,74.14,85,89,3.74
275,Shirokovskiy,RU,2022-09-06 01:37:49,58.8424,57.7832,43.95,83,100,2.48
276,Praia,CV,2022-09-06 01:37:49,14.9215,-23.5087,79.34,94,75,5.75
277,Maygatasan,PH,2022-09-06 01:37:49,8.7094,125.7183,83.82,72,86,3.74
278,Kamenka,RU,2022-09-06 01:37:50,51.3223,42.7678,45.27,66,99,6.08
279,Laukaa,RU,2022-09-06 01:37:50,58.7372,29.8453,43.9,72,71,4.85
280,Sapele,NG,2022-09-06 01:37:50,5.8941,5.6767,73.81,96,94,2.8
281,Zhigansk,RU,2022-09-06 01:37:50,66.7697,123.3711,41.99,92,100,15.35
282,Ozernovskiy,RU,2022-09-06 01:37:51,51.5,156.5167,54.21,94,96,6.13
283,Morehead,US,2022-09-06 01:37:51,37.2711,-87.1764,73.94,94,0,0.0
284,Khiri Mat,TH,2022-09-06 01:37:51,16.8333,99.8,80.87,82,95,2.55
285,Klaksvik,FO,2022-09-06 01:37:51,62.2266,-6.589,54.52,94,89,21.34
286,Guerrero Negro,MX,2022-09-06 01:37:52,27.9769,-114.0611,76.42,85,10,17.94
287,Beyla,GN,2022-09-06 01:37:52,8.6833,-8.6333,68.05,96,98,1.68
288,Colombo,LK,2022-09-06 01:37:52,6.9319,79.8478,76.95,86,95,12.71
289,Caravelas,BR,2022-09-06 01:37:52,-17.7125,-39.2481,69.82,78,100,10.92
290,Erzin,TR,2022-09-06 01:37:53,36.9559,36.2,75.0,90,25,1.66
291,Aksu,CN,2022-09-06 01:37:53,41.1231,80.2644,75.25,20,4,1.03
292,Inhambane,MZ,2022-09-06 01:37:53,-23.865,35.3833,67.48,89,0,6.22
293,Cabatuan,PH,2022-09-06 01:37:53,10.8794,122.486,83.08,77,100,6.76
294,Vuktyl,RU,2022-09-06 01:37:54,63.8567,57.3094,41.99,96,100,5.28
295,Timberlake,US,2022-09-06 01:37:54,37.3207,-79.2575,73.89,96,100,0.0
296,Deqing,CN,2022-09-06 01:37:54,30.5448,119.9599,83.03,60,0,2.98
297,Amarillo,US,2022-09-06 01:34:53,35.222,-101.8313,83.25,48,0,11.5
298,Asau,RO,2022-09-06 01:37:54,46.4333,26.4,49.28,80,62,2.01
299,Meulaboh,ID,2022-09-06 01:37:55,4.1363,96.1285,79.3,75,100,3.53
300,Challapata,BO,2022-09-06 01:37:55,-18.9,-66.7667,39.11,24,0,4.65
301,La Palma,US,2022-09-06 01:37:55,33.8464,-118.0467,105.31,52,0,9.22
302,Ostrovnoy,RU,2022-09-06 01:37:55,68.0531,39.5131,46.69,89,100,13.6
303,Baykit,RU,2022-09-06 01:37:56,61.67,96.37,44.64,86,97,7.0
304,Vestmanna,FO,2022-09-06 01:37:56,62.1564,-7.1664,52.72,100,100,16.11
305,Toktogul,KG,2022-09-06 01:37:56,41.8708,72.9402,73.44,33,0,1.05
306,Ilulissat,GL,2022-09-06 01:34:18,69.2167,-51.1,41.02,87,100,2.3
307,Jevicko,CZ,2022-09-06 01:37:57,49.6322,16.7113,58.26,56,13,2.59
308,Bambous Virieux,MU,2022-09-06 01:37:57,-20.3428,57.7575,70.05,73,40,11.5
309,Lata,PT,2022-09-06 01:37:57,40.1629,-8.3327,67.82,97,75,2.98
310,Puerto Escondido,MX,2022-09-06 01:37:57,15.85,-97.0667,83.23,61,75,3.44
311,Barcelos,PT,2022-09-06 01:35:24,41.5388,-8.6151,67.84,97,49,4.29
312,Te Anau,NZ,2022-09-06 01:37:58,-45.4167,167.7167,41.02,72,51,1.54
313,Laguna,US,2022-09-06 01:37:58,38.421,-121.4238,113.09,13,0,9.22
314,Viedma,AR,2022-09-06 01:37:58,-40.8135,-62.9967,68.07,19,70,20.76
315,Naze,JP,2022-09-06 01:37:58,28.3667,129.4833,81.52,79,100,11.95
316,Dolgoye,RU,2022-09-06 01:37:59,52.8,37.2167,42.51,92,90,9.15
317,Puerto Baquerizo Moreno,EC,2022-09-06 01:37:59,-0.9,-89.6,69.22,88,97,9.4
318,Ilula,TZ,2022-09-06 01:37:59,-7.6766,36.0366,53.89,86,0,4.85
319,Praia Da Vitoria,PT,2022-09-06 01:38:00,38.7333,-27.0667,73.76,83,75,5.84
320,Half Moon Bay,US,2022-09-06 01:38:00,37.4636,-122.4286,103.78,51,0,20.71
321,Sechura,PE,2022-09-06 01:38:00,-5.5569,-80.8222,63.39,79,21,10.69
322,Tiznit,MA,2022-09-06 01:38:00,29.5833,-9.5,70.74,57,25,1.41
323,Bukama,CD,2022-09-06 01:39:01,-9.2,25.85,73.22,31,0,2.57
324,Pafos,CY,2022-09-06 01:39:01,34.7667,32.4167,74.98,69,0,5.75
325,Lensk,RU,2022-09-06 01:39:01,60.7253,114.9278,51.93,71,71,12.26
326,Boguchar,RU,2022-09-06 01:39:01,49.9358,40.545,47.34,75,74,6.38
327,Leh,IN,2022-09-06 01:39:02,34.1667,77.5833,52.79,74,99,3.42
328,Ambilobe,MG,2022-09-06 01:39:02,-13.2,49.05,65.59,76,5,3.58
329,Valparaiso,CL,2022-09-06 01:36:25,-33.0393,-71.6273,54.0,94,100,2.3
330,Pierre,US,2022-09-06 01:39:02,44.3683,-100.351,85.28,54,0,3.0
331,Torbay,CA,2022-09-06 01:39:03,47.6666,-52.7314,61.75,91,100,13.0
332,Belmonte,BR,2022-09-06 01:39:03,-15.8631,-38.8828,70.41,86,25,9.44
333,Okato,NZ,2022-09-06 01:39:03,-39.2,173.8833,50.65,42,9,4.61
334,Zhezkazgan,KZ,2022-09-06 01:39:04,47.8043,67.7144,66.18,30,0,0.0
335,Pasighat,IN,2022-09-06 01:39:04,28.0667,95.3333,74.75,98,100,2.24
336,Banjar,ID,2022-09-06 01:39:04,-8.19,114.9675,87.15,59,64,0.94
337,Dom Pedrito,BR,2022-09-06 01:39:05,-30.9828,-54.6731,53.56,92,100,7.92
338,Miri,MY,2022-09-06 01:39:05,4.4148,114.0089,77.14,88,40,10.36
339,Port Augusta,AU,2022-09-06 01:39:05,-32.5,137.7667,68.79,27,0,6.26
340,Coihaique,CL,2022-09-06 01:35:52,-45.5752,-72.0662,44.55,93,100,8.05
341,Nogliki,RU,2022-09-06 01:39:06,51.8333,143.1667,58.84,88,100,19.98
342,Chimbote,PE,2022-09-06 01:39:06,-9.0853,-78.5783,60.84,85,10,7.61
343,Kendari,ID,2022-09-06 01:39:07,-3.945,122.4989,76.08,92,100,2.62
344,Tabou,CI,2022-09-06 01:39:07,4.423,-7.3528,74.64,93,94,6.64
345,Macclesfield,GB,2022-09-06 01:39:07,53.2602,-2.1256,58.91,87,100,3.44
346,Belgrade,RS,2022-09-06 01:37:06,44.804,20.4651,60.46,97,0,1.14
347,Privolzhye,RU,2022-09-06 01:39:07,52.8649,48.6044,44.31,65,81,5.17
348,Middelburg,ZA,2022-09-06 01:39:08,-25.7751,29.4648,58.01,21,89,9.33
349,Carahue,CL,2022-09-06 01:39:08,-38.7,-73.1667,45.52,81,91,1.79
350,Mariental,NA,2022-09-06 01:39:08,-24.6333,17.9667,50.74,40,3,6.06
351,Aiani,GR,2022-09-06 01:39:09,40.1667,21.8167,62.33,94,13,2.3
352,Comodoro Rivadavia,AR,2022-09-06 01:36:23,-45.8667,-67.5,67.86,14,0,12.66
353,Bajah,YE,2022-09-06 01:39:09,13.8141,44.6301,79.23,53,47,4.12
354,Taltal,CL,2022-09-06 01:39:09,-25.4,-70.4833,59.32,66,17,4.32
355,Vostok,RU,2022-09-06 01:39:09,46.4856,135.8833,55.9,100,100,3.62
356,Iquique,CL,2022-09-06 01:36:29,-20.2208,-70.1431,57.24,68,42,4.45
357,Dingle,PH,2022-09-06 01:39:10,10.9995,122.6711,83.21,78,100,8.05
358,Castro,BR,2022-09-06 01:39:10,-24.7911,-50.0119,50.74,96,64,6.8
359,Kihei,US,2022-09-06 01:39:10,20.785,-156.4656,83.3,82,40,19.57
360,Kindu,CD,2022-09-06 01:39:11,-2.95,25.95,69.93,89,36,2.35
361,Maniitsoq,GL,2022-09-06 01:39:11,65.4167,-52.9,39.27,95,100,15.75
362,Casablanca,MA,2022-09-06 01:37:09,33.5928,-7.6192,71.33,78,2,5.99
363,Port Arthur,CN,2022-09-06 01:39:11,38.8,121.2667,75.42,59,0,19.51
364,Santa Cruz Del Sur,CU,2022-09-06 01:39:12,20.7147,-77.9956,81.32,77,13,5.97
365,Abha,SA,2022-09-06 01:39:12,18.2164,42.5053,62.85,48,0,4.61
366,Mamou,GN,2022-09-06 01:39:12,10.5,-12.0,68.36,96,100,2.3
367,Henties Bay,NA,2022-09-06 01:40:13,-22.116,14.2845,52.52,91,0,5.01
368,Mandera,KE,2022-09-06 01:40:13,3.9366,41.867,73.38,62,3,15.93
369,Ginir,ET,2022-09-06 01:40:13,7.1333,40.7,60.42,81,87,3.83
370,Roseburg,US,2022-09-06 01:40:13,43.2165,-123.3417,82.51,29,0,10.36
371,Shimoda,JP,2022-09-06 01:40:14,34.6667,138.95,86.36,67,52,8.19
372,Aksarka,RU,2022-09-06 01:40:14,66.5606,67.7975,41.36,92,100,10.09
373,Amot,NO,2022-09-06 01:40:14,59.5714,7.9877,44.64,95,98,1.3
374,Cockburn Town,TC,2022-09-06 01:40:14,21.4612,-71.1419,83.37,75,27,11.63
375,Mandalgovi,MN,2022-09-06 01:40:15,45.7625,106.2708,61.74,38,3,10.96
376,Korla,CN,2022-09-06 01:40:15,41.7597,86.1469,79.61,15,0,0.51
377,Beaufort,MY,2022-09-06 01:40:15,5.3473,115.7455,74.8,92,100,1.66
378,Tommot,RU,2022-09-06 01:40:15,58.9564,126.2925,51.67,92,100,2.53
379,Tuatapere,NZ,2022-09-06 01:40:16,-46.1333,167.6833,46.45,65,97,11.48
380,Marawi,PH,2022-09-06 01:40:16,7.9986,124.2928,77.31,80,90,0.72
381,Santa Marinella,IT,2022-09-06 01:40:16,42.0345,11.8536,75.7,70,0,2.59
382,Aswan,EG,2022-09-06 01:40:16,24.0934,32.907,87.1,30,0,8.05
383,Aitape,PG,2022-09-06 01:40:17,-3.1374,142.3475,85.93,64,65,9.6
384,Padang,ID,2022-09-06 01:40:17,-0.9492,100.3543,82.45,71,43,1.86
385,Los Llanos De Aridane,ES,2022-09-06 01:40:17,28.6585,-17.9182,69.55,93,40,10.36
386,Thinadhoo,MV,2022-09-06 01:40:17,0.5333,72.9333,82.24,73,100,17.09
387,Kruisfontein,ZA,2022-09-06 01:40:18,-34.0033,24.7314,50.88,63,18,14.97
388,Karasjok,NO,2022-09-06 01:40:18,69.4719,25.5112,42.87,92,100,13.82
389,Vilhena,BR,2022-09-06 01:40:18,-12.7406,-60.1458,77.63,39,73,4.81
390,Karlskrona,SE,2022-09-06 01:40:19,56.1616,15.5866,43.25,83,58,7.38
391,Charters Towers,AU,2022-09-06 01:40:19,-20.1,146.2667,76.75,46,58,13.18
392,Chernyshevskiy,RU,2022-09-06 01:40:19,63.0128,112.4714,41.59,91,100,12.17
393,Sumenep,ID,2022-09-06 01:40:19,-7.0167,113.8667,82.44,71,93,7.72
394,Kushiro,JP,2022-09-06 01:40:20,42.975,144.3747,68.95,94,75,12.66
395,George,ZA,2022-09-06 01:40:20,-33.963,22.4617,49.55,66,40,8.05
396,Nishihara,JP,2022-09-06 01:40:20,26.1842,127.7558,85.68,89,75,13.8
397,Palana,RU,2022-09-06 01:40:20,59.1167,159.9667,45.14,58,0,6.87
398,Isiro,CD,2022-09-06 01:40:21,2.7739,27.616,63.34,98,10,0.29
399,Gboko,NG,2022-09-06 01:40:21,7.3179,8.9951,72.01,95,94,5.14
400,Dukat,RU,2022-09-06 01:40:21,62.55,155.55,48.33,43,34,3.78
401,Kaitangata,NZ,2022-09-06 01:40:21,-46.2817,169.8464,45.23,66,81,13.38
402,Shingu,JP,2022-09-06 01:40:22,33.7333,135.9833,81.21,88,99,13.35
403,Aquiraz,BR,2022-09-06 01:40:22,-3.9014,-38.3911,80.69,80,21,18.45
404,Nemuro,JP,2022-09-06 01:40:22,43.3236,145.575,67.01,86,57,15.7
405,Merauke,ID,2022-09-06 01:40:23,-8.4667,140.3333,81.95,78,98,13.47
406,Mporokoso,ZM,2022-09-06 01:40:23,-9.3727,30.125,62.04,39,0,6.8
407,Khoy,IR,2022-09-06 01:40:23,38.5504,44.9535,65.64,54,0,3.83
408,Teguise,ES,2022-09-06 01:40:23,29.0605,-13.564,70.02,78,0,17.27
409,Kalach-Na-Donu,RU,2022-09-06 01:40:24,48.691,43.5264,52.34,54,78,9.95
410,Sabang,ID,2022-09-06 01:40:24,5.8933,95.3214,81.95,74,100,16.87
411,Buncrana,IE,2022-09-06 01:40:24,55.1333,-7.45,59.86,85,100,15.1
412,Saint Anthony,US,2022-09-06 01:36:52,45.0205,-93.218,71.22,69,40,9.22
413,Komsomolskiy,UZ,2022-09-06 01:40:25,40.4272,71.7189,70.52,30,0,4.61
414,Ous,RU,2022-09-06 01:40:25,60.9058,61.5186,42.55,76,100,2.48
415,Boz,FR,2022-09-06 01:41:25,46.4071,4.9109,68.65,96,53,1.14
416,Tuy Hoa,VN,2022-09-06 01:41:25,13.0833,109.3,76.23,95,100,6.55
417,Shitanjing,CN,2022-09-06 01:41:26,39.2342,106.3439,67.8,14,0,1.45
418,Hambantota,LK,2022-09-06 01:41:26,6.1241,81.1185,77.34,94,40,5.75
419,Aviles,ES,2022-09-06 01:41:12,43.5547,-5.9248,65.93,88,0,3.44
420,Erie,US,2022-09-06 01:41:26,42.7667,-78.6664,65.25,93,100,1.01
421,Kilindoni,TZ,2022-09-06 01:41:26,-7.9139,39.6668,74.68,75,2,11.92
422,Vestmannaeyjar,IS,2022-09-06 01:41:27,63.4427,-20.2734,53.29,77,86,6.8
423,Saint-Joseph,RE,2022-09-06 01:41:27,-21.3667,55.6167,68.38,73,24,13.82
424,Olga,RU,2022-09-06 01:41:27,43.7444,135.2892,65.08,99,100,6.49
425,Shelburne,CA,2022-09-06 01:41:28,44.0787,-80.2041,63.36,86,100,6.13
426,Silao,MX,2022-09-06 01:41:28,20.9333,-101.4333,64.22,84,100,6.4
427,Alice Springs,AU,2022-09-06 01:41:28,-23.7,133.8833,71.15,24,100,13.8
428,Cabo San Lucas,MX,2022-09-06 01:38:29,22.8909,-109.9124,88.11,70,40,6.91
429,Kavaratti,IN,2022-09-06 01:41:28,10.5669,72.642,77.38,88,100,24.11
430,Hay River,CA,2022-09-06 01:41:29,60.8156,-115.7999,64.38,55,40,11.5
431,Port Blair,IN,2022-09-06 01:41:29,11.6667,92.75,77.04,88,100,5.75
432,Bulgan,MN,2022-09-06 01:41:29,48.8125,103.5347,61.23,52,10,3.71
433,Panchgani,IN,2022-09-06 01:41:29,17.9167,73.8167,65.28,92,98,1.63
434,Sitka,US,2022-09-06 01:41:30,57.0531,-135.33,60.69,72,100,8.05
435,Kudahuvadhoo,MV,2022-09-06 01:41:30,2.6708,72.8944,81.95,75,100,18.66
436,Yantal,RU,2022-09-06 01:41:30,56.8471,105.2542,49.86,78,76,7.31
437,Sola,VU,2022-09-06 01:41:30,-13.8833,167.55,80.47,73,11,12.88
438,Westport,US,2022-09-06 01:41:31,41.1415,-73.3579,77.09,90,75,8.05
439,Narasannapeta,IN,2022-09-06 01:41:31,18.4167,84.05,83.95,76,46,4.23
440,Unai,BR,2022-09-06 01:41:31,-16.3575,-46.9061,75.16,39,95,3.02
441,Aykhal,RU,2022-09-06 01:41:31,66.0,111.5,37.27,99,100,5.55
442,Machali,CL,2022-09-06 01:41:32,-34.1833,-70.6667,60.75,41,0,2.98
443,Pacific Grove,US,2022-09-06 01:37:00,36.6177,-121.9166,82.08,69,0,5.01
444,Bluefields,NI,2022-09-06 01:41:32,12.0137,-83.7635,77.61,84,100,3.87
445,Charlestown,AU,2022-09-06 01:41:32,-32.95,151.6667,64.02,70,98,4.0
446,Gunnedah,AU,2022-09-06 01:41:32,-30.9833,150.25,63.27,51,12,2.84
447,Faya,SA,2022-09-06 01:41:33,18.3851,42.4509,63.12,64,1,2.64
448,Novokizhinginsk,RU,2022-09-06 01:41:33,51.6115,109.5917,60.4,43,54,6.49
449,Ardakan,IR,2022-09-06 01:41:33,32.31,54.0175,74.01,15,2,5.77
450,General Pico,AR,2022-09-06 01:41:33,-35.6566,-63.7568,58.82,22,4,14.16
451,High Level,CA,2022-09-06 01:41:34,58.5169,-117.136,59.11,72,75,4.61
452,Abu Samrah,SY,2022-09-06 01:41:34,35.3029,37.1841,71.55,77,0,7.23
453,Khuzhir,RU,2022-09-06 01:41:34,53.1939,107.3397,56.66,68,93,9.22
454,Bombay,IN,2022-09-06 01:39:57,19.0144,72.8479,82.38,83,75,6.91
455,Santa Fe,AR,2022-09-06 01:41:35,-31.6333,-60.7,56.01,81,0,6.24
456,Venustiano Carranza,MX,2022-09-06 01:41:35,19.43,-99.0992,66.15,55,100,11.5
457,Morgan City,US,2022-09-06 01:40:00,29.6994,-91.2068,81.0,84,100,3.11
458,Port Lincoln,AU,2022-09-06 01:41:35,-34.7333,135.8667,59.49,59,2,14.23
459,Nata,PA,2022-09-06 01:42:35,8.3333,-80.5167,76.73,90,100,2.62
460,Megion,RU,2022-09-06 01:42:36,61.0296,76.1136,44.62,87,61,9.19
461,Alacranes,CU,2022-09-06 01:42:36,22.7675,-81.5675,81.09,90,3,4.97
462,Kamwenge,UG,2022-09-06 01:42:36,0.1866,30.4539,60.96,97,33,0.81
463,Neuquen,AR,2022-09-06 01:42:35,-38.9516,-68.0591,55.29,50,61,0.0
464,Inirida,CO,2022-09-06 01:42:36,3.8653,-67.9239,73.0,97,100,3.27
465,Pushkino,RU,2022-09-06 01:42:37,56.0172,37.8667,46.09,95,83,7.23
466,Kingston,JM,2022-09-06 01:41:53,17.997,-76.7936,85.15,85,20,5.75
467,Raudeberg,NO,2022-09-06 01:42:37,61.9875,5.1352,52.47,66,26,5.75
468,Ashland,US,2022-09-06 01:40:16,40.8167,-82.2665,67.41,93,100,6.76
469,Kahramanmaras,TR,2022-09-06 01:42:37,38.0,37.0,58.28,68,0,6.67
470,Menongue,AO,2022-09-06 01:42:37,-14.6585,17.691,63.46,40,76,2.01
471,West Bay,KY,2022-09-06 01:42:38,19.3667,-81.4167,84.27,85,0,5.75
472,Terrace,CA,2022-09-06 01:42:38,54.5163,-128.6035,58.91,82,75,14.97
473,Pouembout,NC,2022-09-06 01:42:38,-21.1333,164.9,70.7,68,100,5.53
474,La Fleche,FR,2022-09-06 01:42:39,47.6982,-0.0755,62.8,82,50,6.31
475,Urucara,BR,2022-09-06 01:42:39,-2.5364,-57.76,79.83,53,9,1.92
476,Brae,GB,2022-09-06 01:42:39,60.3964,-1.353,58.19,91,97,20.42
477,Fairbanks,US,2022-09-06 01:42:39,64.8378,-147.7164,61.61,59,40,5.75
478,Hailar,CN,2022-09-06 01:42:40,49.2,119.7,52.41,45,8,5.32
479,Iraquara,BR,2022-09-06 01:42:40,-12.2486,-41.6194,63.88,79,1,9.53
480,Somerset,US,2022-09-06 01:42:40,40.5668,-74.5496,77.88,88,75,0.0
481,Husavik,IS,2022-09-06 01:42:40,66.0449,-17.3389,50.25,86,100,0.45
482,Bafra,TR,2022-09-06 01:42:41,41.5678,35.9069,67.82,84,100,4.79
483,Kibara,TZ,2022-09-06 01:42:41,-2.15,33.45,71.82,72,61,6.46
484,Benguela,AO,2022-09-06 01:42:41,-12.5763,13.4055,67.77,89,6,3.65
485,Portland,US,2022-09-06 01:41:58,45.5234,-122.6762,80.55,44,20,17.27
486,Mauguio,FR,2022-09-06 01:42:41,43.6181,4.0074,76.89,91,0,12.66
487,Leningradskiy,RU,2022-09-06 01:42:42,69.3833,178.4167,33.1,100,100,10.58
488,Byron Bay,AU,2022-09-06 01:42:42,-28.65,153.6167,64.94,67,38,11.81
489,San Andres,CO,2022-09-06 01:42:42,12.5847,-81.7006,82.42,83,75,3.44
490,Sao Borja,BR,2022-09-06 01:40:53,-28.6606,-56.0044,51.94,76,12,4.12
491,Kratovo,MK,2022-09-06 01:42:42,42.0792,22.1814,52.39,69,3,3.33
492,Nabire,ID,2022-09-06 01:42:43,-3.3667,135.4833,85.3,67,32,4.68
493,Angra Dos Reis,BR,2022-09-06 01:38:42,-23.0067,-44.3181,64.38,90,100,0.6
494,Chapais,CA,2022-09-06 01:42:43,49.7834,-74.8492,53.38,59,1,2.55
495,Fortuna,US,2022-09-06 01:38:33,40.5982,-124.1573,70.09,78,10,1.99
496,Jacmel,HT,2022-09-06 01:42:43,18.2342,-72.5347,80.44,83,100,1.05
497,Kaitong,CN,2022-09-06 01:42:44,44.8135,123.15,58.98,50,100,11.81
498,Lagoa,PT,2022-09-06 01:42:44,39.05,-27.9833,72.57,79,97,9.44
499,Talnakh,RU,2022-09-06 01:42:44,69.4865,88.3972,36.21,92,100,2.04
500,Sambava,MG,2022-09-06 01:42:44,-14.2667,50.1667,70.36,81,94,10.69
501,Bunia,CD,2022-09-06 01:42:45,1.5667,30.25,60.85,92,15,1.92
502,Arvin,US,2022-09-06 01:42:45,35.2091,-118.8284,105.93,30,3,6.29
503,Gushikawa,JP,2022-09-06 01:42:45,26.3544,127.8686,85.62,85,75,12.66
504,The Valley,AI,2022-09-06 01:42:45,18.217,-63.0578,84.09,79,100,13.24
505,Oboyan,RU,2022-09-06 01:42:46,51.2098,36.2792,40.91,91,48,7.34
506,Shirone,JP,2022-09-06 01:42:46,37.7667,139.0167,95.94,52,13,8.7
507,Necochea,AR,2022-09-06 01:42:46,-38.5473,-58.7368,54.28,48,0,11.83
508,Santa Isabel Do Rio Negro,BR,2022-09-06 01:43:46,-0.4139,-65.0192,72.64,99,98,3.2
509,Scarborough,GB,2022-09-06 01:43:47,54.2797,-0.4044,63.16,86,71,7.43
510,Mackenzie,CA,2022-09-06 01:43:47,55.2999,-123.1698,61.02,41,100,10.36
511,Champerico,GT,2022-09-06 01:43:47,14.3,-91.9167,80.11,83,100,6.35
512,Salaga,GH,2022-09-06 01:43:47,8.5508,-0.5188,72.3,97,27,5.99
513,Gua Musang,MY,2022-09-06 01:43:48,4.8823,101.9644,82.33,75,96,1.61
514,Nuevo Casas Grandes,MX,2022-09-06 01:43:48,30.4167,-107.9167,70.75,51,0,1.99
515,Katherine,AU,2022-09-06 01:43:48,-14.4667,132.2667,89.92,14,69,9.22
516,Matara,LK,2022-09-06 01:43:48,5.9485,80.5353,77.83,89,100,12.48
517,Agadir,MA,2022-09-06 01:43:49,30.4202,-9.5982,64.85,78,28,6.49
518,Bathsheba,BB,2022-09-06 01:43:49,13.2167,-59.5167,81.21,83,20,6.91
519,Langham,CA,2022-09-06 01:43:49,52.3668,-106.9679,69.64,33,4,15.79
520,Cuauhtemoc,MX,2022-09-06 01:43:49,28.4167,-106.8667,61.79,69,60,7.34
521,Kud,IN,2022-09-06 01:43:50,33.0833,75.2833,58.5,75,21,5.35
522,Sarkand,KZ,2022-09-06 01:43:50,45.41,79.9186,80.53,16,0,3.47
523,Carira,BR,2022-09-06 01:43:50,-10.3608,-37.7011,62.06,93,6,6.17
524,Gorontalo,ID,2022-09-06 01:43:50,0.5412,123.0595,82.09,82,100,3.15
525,Poli,TZ,2022-09-06 01:43:51,-3.3333,36.8,57.47,89,34,1.5
526,Koran,BA,2022-09-06 01:43:51,43.8103,18.5689,51.31,100,0,2.3
527,Mustasaari,FI,2022-09-06 01:43:51,63.1142,21.6822,53.89,93,0,2.3
528,Chicama,PE,2022-09-06 01:43:51,-7.8447,-79.1469,59.54,78,18,5.57
529,Wenchi,GH,2022-09-06 01:43:52,7.7392,-2.1046,70.21,98,73,5.1
530,Ust-Ishim,RU,2022-09-06 01:43:52,57.6935,71.1665,43.14,80,41,5.1
531,Ossora,RU,2022-09-06 01:43:52,59.2353,163.0719,52.83,46,33,1.28
532,Niquelandia,BR,2022-09-06 01:43:52,-14.4739,-48.4597,75.04,24,100,5.17
533,Bristol,US,2022-09-06 01:43:33,41.8334,-71.1662,67.78,85,100,5.14
534,Mountain Home,US,2022-09-06 01:43:53,43.133,-115.6912,94.48,10,20,11.5
535,Whitehorse,CA,2022-09-06 01:42:45,60.7161,-135.0538,57.97,48,75,6.91
536,Matamoros,MX,2022-09-06 01:43:53,25.5333,-103.25,71.11,75,100,4.63
537,Bud,US,2022-09-06 01:43:53,39.447,-86.1758,73.67,92,55,7.18
538,Russell,US,2022-09-06 01:43:54,32.3502,-85.1999,75.0,94,40,5.75
539,Usakos,NA,2022-09-06 01:43:54,-22.0,15.6,66.04,8,0,7.29
540,Waipawa,NZ,2022-09-06 01:43:54,-41.4122,175.5153,42.19,69,87,11.56
541,Calama,CL,2022-09-06 01:43:54,-22.4667,-68.9333,45.09,4,0,6.91
542,Beaupre,CA,2022-09-06 01:43:55,47.0443,-70.8953,58.86,51,0,11.5
543,Dunedin,NZ,2022-09-06 01:40:24,-45.8742,170.5036,45.81,65,99,8.99
544,Teguldet,RU,2022-09-06 01:43:55,57.3064,88.1667,47.21,97,100,8.57
545,Blagoyevo,RU,2022-09-06 01:43:55,63.3667,47.9167,43.39,97,100,4.16
546,Durazno,UY,2022-09-06 01:43:55,-33.4131,-56.5006,48.6,87,0,7.54
547,Bokovskaya,RU,2022-09-06 01:43:56,49.229,41.8306,50.43,72,100,5.48
548,Saint-Francois,FR,2022-09-06 01:43:56,46.4154,3.9054,63.84,88,0,2.3
549,Winnipeg,CA,2022-09-06 01:41:05,49.8844,-97.147,73.47,61,75,16.11
550,Kedougou,SN,2022-09-06 01:43:56,12.5579,-12.1743,75.0,94,75,3.27
551,Firminy,FR,2022-09-06 01:43:56,45.3873,4.2907,66.7,60,0,2.3
552,Kolvereid,NO,2022-09-06 01:43:57,64.8655,11.6047,48.6,76,23,7.31
553,Lienz,AT,2022-09-06 01:43:57,46.8289,12.769,59.9,93,4,3.47
554,Xining,CN,2022-09-06 01:43:57,36.6167,101.7667,55.78,53,0,2.13
555,Gwadar,PK,2022-09-06 01:44:57,25.1216,62.3254,80.4,77,100,4.45
556,Nadvoitsy,RU,2022-09-06 01:44:58,63.8667,34.3167,45.21,87,100,11.1
557,Uray,RU,2022-09-06 01:44:58,60.1247,64.7758,44.29,78,100,2.8
558,Yurginskoye,RU,2022-09-06 01:44:58,56.8189,67.3921,44.13,74,96,5.46
559,Namatanai,PG,2022-09-06 01:44:58,-3.6667,152.4333,85.6,63,100,9.08
560,Morant Bay,JM,2022-09-06 01:44:59,17.8815,-76.4093,85.62,80,16,1.7
561,Sandwick,GB,2022-09-06 01:44:59,60.0,-1.25,57.02,100,99,11.5
562,Umba,RU,2022-09-06 01:44:59,66.6871,34.3429,46.47,82,97,12.95
563,Banda Aceh,ID,2022-09-06 01:44:59,5.5577,95.3222,81.36,74,100,9.78
564,Bilgoraj,PL,2022-09-06 01:45:00,50.5411,22.722,43.66,62,37,5.14
565,San Quintin,MX,2022-09-06 01:45:00,30.4833,-115.95,75.2,83,1,10.4
566,Mufumbwe,ZM,2022-09-06 01:45:00,-13.6833,24.8,60.6,28,1,4.54
567,Kirakira,SB,2022-09-06 01:45:00,-10.4544,161.9205,85.5,68,4,11.83
568,Japura,ID,2022-09-06 01:45:01,-0.3167,102.35,82.15,82,61,2.57
569,Jining,CN,2022-09-06 01:45:01,35.405,116.5814,80.76,66,0,5.28
570,Zhaotong,CN,2022-09-06 01:45:01,27.3167,103.7167,63.82,55,88,3.04
571,Tahta,EG,2022-09-06 01:45:02,26.7693,31.5021,80.51,37,0,7.56
572,Banyo,CM,2022-09-06 01:45:02,6.75,11.8167,63.84,95,100,2.42
573,Nicoya,CR,2022-09-06 01:45:02,10.1483,-85.452,75.06,90,100,2.35
574,Point Pedro,LK,2022-09-06 01:45:03,9.8167,80.2333,81.73,77,100,22.06
575,Opunake,NZ,2022-09-06 01:45:03,-39.4556,173.8583,49.15,53,40,13.87
576,Boende,CD,2022-09-06 01:45:04,-0.2167,20.8667,69.93,96,2,1.7
577,Greenwood,US,2022-09-06 01:45:04,34.1668,-82.1165,78.28,58,0,3.44
578,Ruiz,MX,2022-09-06 01:45:04,21.95,-105.15,76.8,98,100,3.44
579,Sao Joao Da Barra,BR,2022-09-06 01:45:05,-21.6403,-41.0511,67.26,66,100,7.72
580,Matagami,CA,2022-09-06 01:45:05,49.7502,-77.6328,51.91,87,0,3.44
581,Kysyl-Syr,RU,2022-09-06 01:45:05,63.8986,122.7617,45.81,93,100,6.73
582,Andenes,NO,2022-09-06 01:45:06,69.3143,16.1194,46.92,93,100,13.8
583,Ust-Barguzin,RU,2022-09-06 01:45:06,53.45,108.9833,54.39,65,99,4.5
584,Basco,PH,2022-09-06 01:45:06,20.4487,121.9702,84.11,77,100,6.11
585,Qingdao,CN,2022-09-06 01:45:07,36.0986,120.3719,73.0,83,40,2.24
586,Imbituba,BR,2022-09-06 01:45:07,-28.24,-48.6703,60.82,87,100,9.46
587,Yaqui,MX,2022-09-06 01:45:07,27.3667,-110.1667,90.3,60,2,6.78
588,Hirara,JP,2022-09-06 01:45:07,24.8,125.2833,85.86,89,75,11.5
589,Hearst,CA,2022-09-06 01:45:08,49.6835,-83.6665,55.65,63,86,5.53
590,Ponta Delgada,PT,2022-09-06 01:45:08,37.7333,-25.6667,73.51,83,20,2.3
591,Kristiansund,NO,2022-09-06 01:45:08,63.1115,7.732,50.65,93,9,3.44
592,Hauterive,FR,2022-09-06 01:45:09,46.0901,3.4459,65.16,79,96,1.28
593,Sobolevo,RU,2022-09-06 01:45:09,54.4299,31.8996,38.7,94,56,7.23
594,Tucupita,VE,2022-09-06 01:45:09,9.0622,-62.051,75.31,97,100,2.68
